Workbook
Name Slicer_SPORT_LOCATION: #N/A

Sheet Question 1
B2: STAGE 1 (Data Cleaning) | E2: We are a part of XYZ Co Pvt Ltd company who is in the business of organizing the sports events at international level. Countries nominate sportsmen from different departments and our team has been given the responsibility to systematize the membership roster and generate different reports as per business requirements.
C5: SHEET | D5: COLUMN | E5: TASK
B6: S No | C6: TASK 1: STANDARDIZING THE DATASET
B7: 1 | C7: SPORTSMEN | D7: Col B | E7: Populate the FULLNAME consisting of the following fields ONLY, in the prescribed format: PREFIX FIRSTNAME LASTNAME. (Note: All UPPERCASE)
B8: 2 | C8: SPORTSMEN | D8: Col K | E8: Get the COUNTRY NAME to which these sportsmen belong to. Make use of LOCATION sheet to get the required data
B9: 3 | C9: SPORTSMEN | D9: Col L | E9: Populate the LANGUAGE spoken by the sportsmen. Make use of LOCATION sheet to get the required data
B10: 4 | C10: SPORTSMEN | D10: Col M | E10: Generate the EMAIL ADDRESS for those members, who speak English, in the prescribed format : lastname.firstname@xyz.org (Note: All lowercase) and for all other members, format should be lastname.firstname@xyz.com (Note: All lowercase)
B11: 5 | C11: SPORTSMEN | D11: Col Q | E11: Populate the SPORT LOCATION of the sport played by each player. Make use of SPORT sheet to get the required data
B13: S No | C13: TASK 2: DATA FORMATTING
B14: 1 | C14: SPORTSMEN | D14: Col A | E14: Display MEMBER ID as always 3 digit number (Note: 001, 002…, 020,… etc)
B15: 2 | C15: SPORTSMEN | D15: Col G | E15: Format the BIRTHDATE as dd mmm' yyyy (Prescribed format example: 09 May' 1986)
B16: 3 | C16: SPORTSMEN | D16: Col N | E16: Display the units for the WEIGHT column (Prescribed format example: 80 kg)
B17: 4 | C17: SPORTSMEN | D17: Col S | E17: Format the SALARY to show the data in thousands. If SALARY is less than 100,000 then display data with 2 decimal places else display data with one decimal place. In both cases units should be thousands (k) e.g. 87670 --> 87.67 k and 123250 --> 123.2 k

Sheet Question 2
B2: STAGE 2 (Data Analysis) | E2: We are a part of XYZ Co Pvt Ltd company who is in the business of organizing the sports events at international level. Countries nominate sportsmen from different departments and our team has been given the responsibility to systematize the membership roster and generate different reports as per business requirements.
B5: Instructions: Make use of data from SPORTSMEN worksheet after attempting Question 1
C6: SHEET | D6: RANGE | E6: TASK
B7: S No | C7: TASK 1: SUMMARIZE DATA - PIVOT TABLE
B8: 1 | C8: ANALYSIS | D8: Range B3 | E8: Create a PIVOT table in the worksheet ANALYSIS, starting at cell B3, with the following details:
B9: 2 | C9: ANALYSIS | E9: In COLUMNS; Group : GENDER.
B10: 3 | C10: ANALYSIS | E10: In ROWS; Group : COUNTRY (Note: use COUNTRY NAMES)
B11: 4 | C11: ANALYSIS | E11: In VALUES; Calculate the count of candidates from each COUNTRY and GENDER type
B12: 5 | C12: ANALYSIS | E12: Remove GRAND TOTALs
B14: S No | C14: TASK 2: SUMMARIZE DATA - EXCEL FUNCTIONS
B15: 1 | C15: ANALYSIS | D15: Range G4 | E15: Create a SUMMARY table in the worksheet ANALYSIS, starting at cell G4, with the following details.
B16: 2 | C16: ANALYSIS | D16: Range H4:I4 | E16: Starting from range RANGE H4; get the distinct GENDER. Use remove duplicates option and transpose the data
B17: 3 | C17: ANALYSIS | D17: Range G5:G16 | E17: Starting from range RANGE G5; get the distinct COUNTRY (Note: use COUNTRY NAMES)
B18: 4 | C18: ANALYSIS | D18: Range H5:I16 | E18: In the cross table, get the count of candidates from each COUNTRY and GENDER type

Sheet Question 3
B2: STAGE 3 (Generate Report) | E2: We are a part of XYZ Co Pvt Ltd company who is in the business of organizing the sports events at international level. Countries nominate sportsmen from different departments and our team has been given the responsibility to systematize the membership roster and generate different reports as per business requirements.
B5: Instructions: Make use of data from SPORTSMEN worksheet after attempting Question 1
C6: SHEET | D6: RANGE | E6: TASK
B7: S No | C7: GENERATE REPORT - PIVOT TABLE
B8: 1 | C8: REPORT | D8: Range A3 | E8: Create a PIVOT table report in the worksheet REPORT, starting at cell A3, with the following information.
B9: 2 | C9: REPORT | E9: Report should contain MEMBER ID, FULL NAME, EMAIL, GENDER, YEAR OF BIRTH (Note: don't display quarters, months and dates), COUNTRY NAME, LANGUAGE and SPORT played by them
B10: 3 | C10: REPORT | E10: Change the report layout to TABULAR form
B11: 4 | C11: REPORT | E11: Remove expand and collapse buttons
B12: 5 | C12: REPORT | E12: Remove GRAND TOTALs
B13: 5 | C13: REPORT | D13: Range A1 | E13: Allow user to filter the data by SPORT LOCATION

Sheet ANALYSIS
B3: Count of MEMBER ID | C3: Column Labels
B4: Row Labels | C4: Female | D4: Male | G4: COUNTRY NAME | H4: Female | I4: Male
B5: ARGENTINA | C5: 1 | D5: 2 | G5: ARGENTINA | H5: =COUNTIFS(SPORTSMEN!$K$2:$K$51,$G5,SPORTSMEN!$I$2:$I$51,H$4) -> 1 | I5: =COUNTIFS(SPORTSMEN!$K$2:$K$51,$G5,SPORTSMEN!$I$2:$I$51,I$4) -> 2
B6: AUSTRALIA | C6: 6 | D6: 2 | G6: AUSTRALIA | H6: =COUNTIFS(SPORTSMEN!$K$2:$K$51,$G6,SPORTSMEN!$I$2:$I$51,H$4) -> 6 | I6: =COUNTIFS(SPORTSMEN!$K$2:$K$51,$G6,SPORTSMEN!$I$2:$I$51,I$4) -> 2
B7: AUSTRIA | C7: 1 | D7: 2 | G7: AUSTRIA | H7: =COUNTIFS(SPORTSMEN!$K$2:$K$51,$G7,SPORTSMEN!$I$2:$I$51,H$4) -> 1 | I7: =COUNTIFS(SPORTSMEN!$K$2:$K$51,$G7,SPORTSMEN!$I$2:$I$51,I$4) -> 2
B8: BRAZIL | D8: 2 | G8: BRAZIL | H8: =COUNTIFS(SPORTSMEN!$K$2:$K$51,$G8,SPORTSMEN!$I$2:$I$51,H$4) -> 0 | I8: =COUNTIFS(SPORTSMEN!$K$2:$K$51,$G8,SPORTSMEN!$I$2:$I$51,I$4) -> 2
B9: FRANCE | C9: 3 | D9: 6 | G9: FRANCE | H9: =COUNTIFS(SPORTSMEN!$K$2:$K$51,$G9,SPORTSMEN!$I$2:$I$51,H$4) -> 3 | I9: =COUNTIFS(SPORTSMEN!$K$2:$K$51,$G9,SPORTSMEN!$I$2:$I$51,I$4) -> 6
B10: GERMANY | C10: 1 | D10: 4 | G10: GERMANY | H10: =COUNTIFS(SPORTSMEN!$K$2:$K$51,$G10,SPORTSMEN!$I$2:$I$51,H$4) -> 1 | I10: =COUNTIFS(SPORTSMEN!$K$2:$K$51,$G10,SPORTSMEN!$I$2:$I$51,I$4) -> 4
B11: NETHERLANDS | C11: 2 | D11: 1 | G11: NETHERLANDS | H11: =COUNTIFS(SPORTSMEN!$K$2:$K$51,$G11,SPORTSMEN!$I$2:$I$51,H$4) -> 2 | I11: =COUNTIFS(SPORTSMEN!$K$2:$K$51,$G11,SPORTSMEN!$I$2:$I$51,I$4) -> 1
B12: SPAIN | C12: 3 | G12: SPAIN | H12: =COUNTIFS(SPORTSMEN!$K$2:$K$51,$G12,SPORTSMEN!$I$2:$I$51,H$4) -> 3 | I12: =COUNTIFS(SPORTSMEN!$K$2:$K$51,$G12,SPORTSMEN!$I$2:$I$51,I$4) -> 0
B13: SWEDEN | C13: 1 | D13: 1 | G13: SWEDEN | H13: =COUNTIFS(SPORTSMEN!$K$2:$K$51,$G13,SPORTSMEN!$I$2:$I$51,H$4) -> 1 | I13: =COUNTIFS(SPORTSMEN!$K$2:$K$51,$G13,SPORTSMEN!$I$2:$I$51,I$4) -> 1
B14: UK | C14: 3 | D14: 2 | G14: UK | H14: =COUNTIFS(SPORTSMEN!$K$2:$K$51,$G14,SPORTSMEN!$I$2:$I$51,H$4) -> 3 | I14: =COUNTIFS(SPORTSMEN!$K$2:$K$51,$G14,SPORTSMEN!$I$2:$I$51,I$4) -> 2
B15: USA | C15: 4 | D15: 3 | G15: USA | H15: =COUNTIFS(SPORTSMEN!$K$2:$K$51,$G15,SPORTSMEN!$I$2:$I$51,H$4) -> 4 | I15: =COUNTIFS(SPORTSMEN!$K$2:$K$51,$G15,SPORTSMEN!$I$2:$I$51,I$4) -> 3

Sheet REPORT
A6: MEMBER ID | B6: FULL NAME | C6: EMAIL | D6: GENDER | E6: BIRTHDATE | F6: COUNTRY NAME | G6: LANGUAGE | H6: SPORTS
A7: 1 | B7: MS. ANNIE ABBOTT | C7: abbott.annie@xyz.org | D7: Female | E7: 1997 | F7: USA | G7: English | H7: Cycling Track
A8: 2 | B8: MS. AURELIE LIESUCHKE | C8: liesuchke.aurelie@xyz.org | D8: Female | E8: 1992 | F8: USA | G8: English | H8: Boxing
A9: 5 | B9: DR. JAYDON BORER | C9: borer.jaydon@xyz.org | D9: Male | E9: 1970 | F9: USA | G9: English | H9: Water Polo
A10: 6 | B10: MR. MORIAH LYNCH | C10: lynch.moriah@xyz.org | D10: Male | E10: 1992 | F10: USA | G10: English | H10: Fencing
A11: 8 | B11: MR. PIERCE RAU | C11: rau.pierce@xyz.org | D11: Male | E11: 1963 | F11: USA | G11: English | H11: Curling
A12: 9 | B12: MS. AMELIA STEVENS | C12: stevens.amelia@xyz.org | D12: Female | E12: 1971 | F12: UK | G12: English | H12: Shooting
A13: 15 | B13: PROF. MILENA SCHOTIN | C13: schotin.milena@xyz.com | D13: Female | E13: 1965 | F13: GERMANY | G13: German | H13: Cycling BMX
A14: 17 | B14: HR. PIETRO STOLZE | C14: stolze.pietro@xyz.com | D14: Male | E14: 1972 | F14: GERMANY | G14: German | H14: Handball
A15: 19 | B15: DR. EARNESTINE RAYNOR | C15: raynor.earnestine@xyz.org | D15: Female | E15: 1977 | F15: AUSTRALIA | G15: English | H15: Short Track Speed Skating
A16: 20 | B16: MR. JASON GAYLORD | C16: gaylord.jason@xyz.org | D16: Male | E16: 1976 | F16: AUSTRALIA | G16: English | H16: Basketball
A17: 26 | B17: MS. ISABEL RUNOLFSDOTTIR | C17: runolfsdottir.isabel@xyz.org | D17: Female | E17: 1978 | F17: AUSTRALIA | G17: English | H17: Cycling Track
A18: 27 | B18: HR. BARNEY WESACK | C18: wesack.barney@xyz.com | D18: Male | E18: 1970 | F18: AUSTRIA | G18: German | H18: Volleyball
... A24: 50 | B24: SR. ADRIANO PONTES SOBRINHO | C24: sobrinho.adriano@xyz.com | D24: Male | E24: 1993 | F24: BRAZIL | G24: Portuguese | H24: Swimming

Sheet SPORTSMEN
A1: MEMBER ID | B1: FULL NAME | C1: PREFIX | D1: FIRSTNAME | E1: MIDDLENAME | F1: LASTNAME | G1: BIRTHDATE | H1: ZODIAC | I1: GENDER | J1: COUNTRYCODE | K1: COUNTRY NAME | L1: LANGUAGE | M1: EMAIL | N1: WEIGHT | O1: EYECOLOR | P1: BLOODTYPE | Q1: SPORT LOCATION | R1: SPORTS | S1: SALARY
A2: 1 | B2: =UPPER(C2&" "&D2&" "&E2&" "&F2) -> MS. ANNIE ABBOTT | C2: Ms. | D2: Annie | F2: Abbott | G2: 35699 | H2: Libra | I2: Female | J2: US | K2: =HLOOKUP(J2,LOCATION!$B$2:$M$3,2,FALSE) -> USA | L2: =INDEX(LOCATION!$B$1:$M$1, MATCH(J2, LOCATION!$B$2:$M$2, 0)) -> English | M2: =LOWER(TRIM(F2)&"."&TRIM(D2)&IF(L2="English","@xyz.org","@xyz.com")) -> abbott.annie@xyz.org | N2: 94 | O2: Green | P2: A− | Q2: =INDEX(SPORT!$A$2:$A$33, MATCH(R2, SPORT!$B$2:$B$33, 0)) -> INDOOR | R2: Cycling Track | S2: 80727
A3: 2 | B3: =UPPER(C3&" "&D3&" "&E3&" "&F3) -> MS. AURELIE LIESUCHKE | C3: Ms. | D3: Aurelie | F3: Liesuchke | G3: 33641 | H3: Aquarius | I3: Female | J3: US | K3: =HLOOKUP(J3,LOCATION!$B$2:$M$3,2,FALSE) -> USA | L3: =INDEX(LOCATION!$B$1:$M$1, MATCH(J3, LOCATION!$B$2:$M$2, 0)) -> English | M3: =LOWER(TRIM(F3)&"."&TRIM(D3)&IF(L3="English","@xyz.org","@xyz.com")) -> liesuchke.aurelie@xyz.org | N3: 84.2 | O3: Brown | P3: O− | Q3: =INDEX(SPORT!$A$2:$A$33, MATCH(R3, SPORT!$B$2:$B$33, 0)) -> INDOOR | R3: Boxing | S3: 87471
A4: 3 | B4: =UPPER(C4&" "&D4&" "&E4&" "&F4) -> SR. TOMAS FERREIRA FILHO | C4: Sr. | D4: Tomas | E4: Ferreira | F4: Filho | G4: 25394 | H4: Cancer | I4: Male | J4: BR | K4: =HLOOKUP(J4,LOCATION!$B$2:$M$3,2,FALSE) -> BRAZIL | L4: =INDEX(LOCATION!$B$1:$M$1, MATCH(J4, LOCATION!$B$2:$M$2, 0)) -> Portuguese | M4: =LOWER(TRIM(F4)&"."&TRIM(D4)&IF(L4="English","@xyz.org","@xyz.com")) -> filho.tomas@xyz.com | N4: 52.9 | O4: Amber | P4: A− | Q4: =INDEX(SPORT!$A$2:$A$33, MATCH(R4, SPORT!$B$2:$B$33, 0)) -> OUTDOOR | R4: Football | S4: 64724
A5: 4 | B5: =UPPER(C5&" "&D5&" "&E5&" "&F5) -> MS. DARBY CRUICKSHANK | C5: Ms. | D5: Darby | F5: Cruickshank | G5: 27532 | H5: Taurus | I5: Female | J5: US | K5: =HLOOKUP(J5,LOCATION!$B$2:$M$3,2,FALSE) -> USA | L5: =INDEX(LOCATION!$B$1:$M$1, MATCH(J5, LOCATION!$B$2:$M$2, 0)) -> English | M5: =LOWER(TRIM(F5)&"."&TRIM(D5)&IF(L5="English","@xyz.org","@xyz.com")) -> cruickshank.darby@xyz.org | N5: 48.9 | O5: Green | P5: O− | Q5: =INDEX(SPORT!$A$2:$A$33, MATCH(R5, SPORT!$B$2:$B$33, 0)) -> OUTDOOR | R5: Alpine Skiing | S5: 110823
A6: 5 | B6: =UPPER(C6&" "&D6&" "&E6&" "&F6) -> DR. JAYDON BORER | C6: Dr. | D6: Jaydon | F6: Borer | G6: 25706 | H6: Taurus | I6: Male | J6: US | K6: =HLOOKUP(J6,LOCATION!$B$2:$M$3,2,FALSE) -> USA | L6: =INDEX(LOCATION!$B$1:$M$1, MATCH(J6, LOCATION!$B$2:$M$2, 0)) -> English | M6: =LOWER(TRIM(F6)&"."&TRIM(D6)&IF(L6="English","@xyz.org","@xyz.com")) -> borer.jaydon@xyz.org | N6: 84.8 | O6: Blue | P6: B− | Q6: =INDEX(SPORT!$A$2:$A$33, MATCH(R6, SPORT!$B$2:$B$33, 0)) -> INDOOR | R6: Water Polo | S6: 56916
A7: 6 | B7: =UPPER(C7&" "&D7&" "&E7&" "&F7) -> MR. MORIAH LYNCH | C7: Mr. | D7: Moriah | F7: Lynch | G7: 33944 | H7: Sagittarius | I7: Male | J7: US | K7: =HLOOKUP(J7,LOCATION!$B$2:$M$3,2,FALSE) -> USA | L7: =INDEX(LOCATION!$B$1:$M$1, MATCH(J7, LOCATION!$B$2:$M$2, 0)) -> English | M7: =LOWER(TRIM(F7)&"."&TRIM(D7)&IF(L7="English","@xyz.org","@xyz.com")) -> lynch.moriah@xyz.org | N7: 83.2 | O7: Blue | P7: O− | Q7: =INDEX(SPORT!$A$2:$A$33, MATCH(R7, SPORT!$B$2:$B$33, 0)) -> INDOOR | R7: Fencing | S7: 51133
A8: 7 | B8: =UPPER(C8&" "&D8&" "&E8&" "&F8) -> MS. AMIYA EICHMANN | C8: Ms. | D8: Amiya | F8: Eichmann | G8: 36370 | H8: Leo | I8: Female | J8: US | K8: =HLOOKUP(J8,LOCATION!$B$2:$M$3,2,FALSE) -> USA | L8: =INDEX(LOCATION!$B$1:$M$1, MATCH(J8, LOCATION!$B$2:$M$2, 0)) -> English | M8: =LOWER(TRIM(F8)&"."&TRIM(D8)&IF(L8="English","@xyz.org","@xyz.com")) -> eichmann.amiya@xyz.org | N8: 61.1 | O8: Blue | P8: B− | Q8: =INDEX(SPORT!$A$2:$A$33, MATCH(R8, SPORT!$B$2:$B$33, 0)) -> OUTDOOR | R8: Cycling Road | S8: 65465
A9: 8 | B9: =UPPER(C9&" "&D9&" "&E9&" "&F9) -> MR. PIERCE RAU | C9: Mr. | D9: Pierce | F9: Rau | G9: 23141 | H9: Taurus | I9: Male | J9: US | K9: =HLOOKUP(J9,LOCATION!$B$2:$M$3,2,FALSE) -> USA | L9: =INDEX(LOCATION!$B$1:$M$1, MATCH(J9, LOCATION!$B$2:$M$2, 0)) -> English | M9: =LOWER(TRIM(F9)&"."&TRIM(D9)&IF(L9="English","@xyz.org","@xyz.com")) -> rau.pierce@xyz.org | N9: 105.7 | O9: Amber | P9: A+ | Q9: =INDEX(SPORT!$A$2:$A$33, MATCH(R9, SPORT!$B$2:$B$33, 0)) -> INDOOR | R9: Curling | S9: 109885
A10: 9 | B10: =UPPER(C10&" "&D10&" "&E10&" "&F10) -> MS. AMELIA STEVENS | C10: Ms. | D10: Amelia | F10: Stevens | G10: 25965 | H10: Aquarius | I10: Female | J10: GB | K10: =HLOOKUP(J10,LOCATION!$B$2:$M$3,2,FALSE) -> UK | L10: =INDEX(LOCATION!$B$1:$M$1, MATCH(J10, LOCATION!$B$2:$M$2, 0)) -> English | M10: =LOWER(TRIM(F10)&"."&TRIM(D10)&IF(L10="English","@xyz.org","@xyz.com")) -> stevens.amelia@xyz.org | N10: 65.3 | O10: Blue | P10: A+ | Q10: =INDEX(SPORT!$A$2:$A$33, MATCH(R10, SPORT!$B$2:$B$33, 0)) -> INDOOR | R10: Shooting | S10: 60061
A11: 10 | B11: =UPPER(C11&" "&D11&" "&E11&" "&F11) -> MR. TOBY SIMPSON | C11: Mr. | D11: Toby | F11: Simpson | G11: 23732 | H11: Sagittarius | I11: Male | J11: GB | K11: =HLOOKUP(J11,LOCATION!$B$2:$M$3,2,FALSE) -> UK | L11: =INDEX(LOCATION!$B$1:$M$1, MATCH(J11, LOCATION!$B$2:$M$2, 0)) -> English | M11: =LOWER(TRIM(F11)&"."&TRIM(D11)&IF(L11="English","@xyz.org","@xyz.com")) -> simpson.toby@xyz.org | N11: 62.9 | O11: Amber | P11: O+ | Q11: =INDEX(SPORT!$A$2:$A$33, MATCH(R11, SPORT!$B$2:$B$33, 0)) -> OUTDOOR | R11: Cycling Road | S11: 32758
A12: 11 | B12: =UPPER(C12&" "&D12&" "&E12&" "&F12) -> SIR ETHAN MURPHY | C12: Sir | D12: Ethan | F12: Murphy | G12: 31733 | H12: Scorpio | I12: Male | J12: GB | K12: =HLOOKUP(J12,LOCATION!$B$2:$M$3,2,FALSE) -> UK | L12: =INDEX(LOCATION!$B$1:$M$1, MATCH(J12, LOCATION!$B$2:$M$2, 0)) -> English | M12: =LOWER(TRIM(F12)&"."&TRIM(D12)&IF(L12="English","@xyz.org","@xyz.com")) -> murphy.ethan@xyz.org | N12: 104.3 | O12: Brown | P12: O+ | Q12: =INDEX(SPORT!$A$2:$A$33, MATCH(R12, SPORT!$B$2:$B$33, 0)) -> OUTDOOR | R12: Freestyle Skiing | S12: 99613
A13: 12 | B13: =UPPER(C13&" "&D13&" "&E13&" "&F13) -> MRS. ASHLEY WOOD | C13: Mrs. | D13: Ashley | F13: Wood | G13: 28412 | H13: Libra | I13: Female | J13: GB | K13: =HLOOKUP(J13,LOCATION!$B$2:$M$3,2,FALSE) -> UK | L13: =INDEX(LOCATION!$B$1:$M$1, MATCH(J13, LOCATION!$B$2:$M$2, 0)) -> English | M13: =LOWER(TRIM(F13)&"."&TRIM(D13)&IF(L13="English","@xyz.org","@xyz.com")) -> wood.ashley@xyz.org | N13: 100.7 | O13: Brown | P13: O+ | Q13: =INDEX(SPORT!$A$2:$A$33, MATCH(R13, SPORT!$B$2:$B$33, 0)) -> OUTDOOR | R13: Archery | S13: 56595
A14: 13 | B14: =UPPER(C14&" "&D14&" "&E14&" "&F14) -> MS. MEGAN SCOTT | C14: Ms. | D14: Megan | F14: Scott | G14: 28168 | H14: Aquarius | I14: Female | J14: GB | K14: =HLOOKUP(J14,LOCATION!$B$2:$M$3,2,FALSE) -> UK | L14: =INDEX(LOCATION!$B$1:$M$1, MATCH(J14, LOCATION!$B$2:$M$2, 0)) -> English | M14: =LOWER(TRIM(F14)&"."&TRIM(D14)&IF(L14="English","@xyz.org","@xyz.com")) -> scott.megan@xyz.org | N14: 70.9 | O14: Green | P14: A− | Q14: =INDEX(SPORT!$A$2:$A$33, MATCH(R14, SPORT!$B$2:$B$33, 0)) -> OUTDOOR | R14: Rugby | S14: 117408
A15: 14 | B15: =UPPER(C15&" "&D15&" "&E15&" "&F15) -> HR. HELMUT WEINHAE | C15: Hr. | D15: Helmut | F15: Weinhae | G15: 21788 | H15: Virgo | I15: Male | J15: DE | K15: =HLOOKUP(J15,LOCATION!$B$2:$M$3,2,FALSE) -> GERMANY | L15: =INDEX(LOCATION!$B$1:$M$1, MATCH(J15, LOCATION!$B$2:$M$2, 0)) -> German | M15: =LOWER(TRIM(F15)&"."&TRIM(D15)&IF(L15="English","@xyz.org","@xyz.com")) -> weinhae.helmut@xyz.com | N15: 68.3 | O15: Gray | P15: A+ | Q15: =INDEX(SPORT!$A$2:$A$33, MATCH(R15, SPORT!$B$2:$B$33, 0)) -> OUTDOOR | R15: Canoe Sprint | S15: 64862
A16: 15 | B16: =UPPER(C16&" "&D16&" "&E16&" "&F16) -> PROF. MILENA SCHOTIN | C16: Prof. | D16: Milena | F16: Schotin | G16: 23804 | H16: Pisces | I16: Female | J16: DE | K16: =HLOOKUP(J16,LOCATION!$B$2:$M$3,2,FALSE) -> GERMANY | L16: =INDEX(LOCATION!$B$1:$M$1, MATCH(J16, LOCATION!$B$2:$M$2, 0)) -> German | M16: =LOWER(TRIM(F16)&"."&TRIM(D16)&IF(L16="English","@xyz.org","@xyz.com")) -> schotin.milena@xyz.com | N16: 105.3 | O16: Gray | P16: O+ | Q16: =INDEX(SPORT!$A$2:$A$33, MATCH(R16, SPORT!$B$2:$B$33, 0)) -> INDOOR | R16: Cycling BMX | S16: 10241
... A28: 27 | B28: =UPPER(C28&" "&D28&" "&E28&" "&F28) -> HR. BARNEY WESACK | C28: Hr. | D28: Barney | F28: Wesack | G28: 25767 | H28: Cancer | I28: Male | J28: AU | K28: =HLOOKUP(J28,LOCATION!$B$2:$M$3,2,FALSE) -> AUSTRIA | L28: =INDEX(LOCATION!$B$1:$M$1, MATCH(J28, LOCATION!$B$2:$M$2, 0)) -> German | M28: =LOWER(TRIM(F28)&"."&TRIM(D28)&IF(L28="English","@xyz.org","@xyz.com")) -> wesack.barney@xyz.com | N28: 93.4 | O28: Amber | P28: B+ | Q28: =INDEX(SPORT!$A$2:$A$33, MATCH(R28, SPORT!$B$2:$B$33, 0)) -> INDOOR | R28: Volleyball | S28: 41039
A29: 28 | B29: =UPPER(C29&" "&D29&" "&E29&" "&F29) -> HR. BARUCH KADE | C29: Hr. | D29: Baruch | F29: Kade | G29: 30020 | H29: Pisces | I29: Male | J29: AU | K29: =HLOOKUP(J29,LOCATION!$B$2:$M$3,2,FALSE) -> AUSTRIA | L29: =INDEX(LOCATION!$B$1:$M$1, MATCH(J29, LOCATION!$B$2:$M$2, 0)) -> German | M29: =LOWER(TRIM(F29)&"."&TRIM(D29)&IF(L29="English","@xyz.org","@xyz.com")) -> kade.baruch@xyz.com | N29: 95.5 | O29: Gray | P29: O− | Q29: =INDEX(SPORT!$A$2:$A$33, MATCH(R29, SPORT!$B$2:$B$33, 0)) -> OUTDOOR | R29: Rugby
A30: 29 | B30: =UPPER(C30&" "&D30&" "&E30&" "&F30) -> PROF. LIESBETH ROSEMANN | C30: Prof. | D30: Liesbeth | F30: Rosemann | G30: 34361 | H30: Aquarius | I30: Female | J30: AU | K30: =HLOOKUP(J30,LOCATION!$B$2:$M$3,2,FALSE) -> AUSTRIA | L30: =INDEX(LOCATION!$B$1:$M$1, MATCH(J30, LOCATION!$B$2:$M$2, 0)) -> German | M30: =LOWER(TRIM(F30)&"."&TRIM(D30)&IF(L30="English","@xyz.org","@xyz.com")) -> rosemann.liesbeth@xyz.com | N30: 52.2 | O30: Blue | P30: O+ | Q30: =INDEX(SPORT!$A$2:$A$33, MATCH(R30, SPORT!$B$2:$B$33, 0)) -> OUTDOOR | R30: Cycling Road | S30: 55007
A31: 30 | B31: =UPPER(C31&" "&D31&" "&E31&" "&F31) -> MME. VALENTINE MOREAU | C31: Mme. | D31: Valentine | F31: Moreau | G31: 29137 | H31: Libra | I31: Female | J31: FR | K31: =HLOOKUP(J31,LOCATION!$B$2:$M$3,2,FALSE) -> FRANCE | L31: =INDEX(LOCATION!$B$1:$M$1, MATCH(J31, LOCATION!$B$2:$M$2, 0)) -> French | M31: =LOWER(TRIM(F31)&"."&TRIM(D31)&IF(L31="English","@xyz.org","@xyz.com")) -> moreau.valentine@xyz.com | N31: 74.6 | O31: Blue | P31: B+ | Q31: =INDEX(SPORT!$A$2:$A$33, MATCH(R31, SPORT!$B$2:$B$33, 0)) -> OUTDOOR | R31: Golf | S31: 69041
A32: 31 | B32: =UPPER(C32&" "&D32&" "&E32&" "&F32) -> MME. PAULETTE DURAND | C32: Mme. | D32: Paulette | F32: Durand | G32: 32867 | H32: Capricorn | I32: Female | J32: FR | K32: =HLOOKUP(J32,LOCATION!$B$2:$M$3,2,FALSE) -> FRANCE | L32: =INDEX(LOCATION!$B$1:$M$1, MATCH(J32, LOCATION!$B$2:$M$2, 0)) -> French | M32: =LOWER(TRIM(F32)&"."&TRIM(D32)&IF(L32="English","@xyz.org","@xyz.com")) -> durand.paulette@xyz.com | N32: 81.7 | O32: Amber | P32: O− | Q32: =INDEX(SPORT!$A$2:$A$33, MATCH(R32, SPORT!$B$2:$B$33, 0)) -> INDOOR | R32: Volleyball | S32: 86262
A33: 32 | B33: =UPPER(C33&" "&D33&" "&E33&" "&F33) -> MME. LAURE-ALIX CHEVALIER | C33: Mme. | D33: Laure-Alix | F33: Chevalier | G33: 25925 | H33: Capricorn | I33: Female | J33: FR | K33: =HLOOKUP(J33,LOCATION!$B$2:$M$3,2,FALSE) -> FRANCE | L33: =INDEX(LOCATION!$B$1:$M$1, MATCH(J33, LOCATION!$B$2:$M$2, 0)) -> French | M33: =LOWER(TRIM(F33)&"."&TRIM(D33)&IF(L33="English","@xyz.org","@xyz.com")) -> chevalier.laure-alix@xyz.com | N33: 78.1 | O33: Blue | P33: O+ | Q33: =INDEX(SPORT!$A$2:$A$33, MATCH(R33, SPORT!$B$2:$B$33, 0)) -> OUTDOOR | R33: Beach Volleyball | S33: 19234
A34: 33 | B34: =UPPER(C34&" "&D34&" "&E34&" "&F34) -> M. CLAUDE TOUSSAINT | C34: M. | D34: Claude | F34: Toussaint | G34: 29529 | H34: Scorpio | I34: Male | J34: FR | K34: =HLOOKUP(J34,LOCATION!$B$2:$M$3,2,FALSE) -> FRANCE | L34: =INDEX(LOCATION!$B$1:$M$1, MATCH(J34, LOCATION!$B$2:$M$2, 0)) -> French | M34: =LOWER(TRIM(F34)&"."&TRIM(D34)&IF(L34="English","@xyz.org","@xyz.com")) -> toussaint.claude@xyz.com | N34: 57.1 | O34: Green | P34: O+ | Q34: =INDEX(SPORT!$A$2:$A$33, MATCH(R34, SPORT!$B$2:$B$33, 0)) -> INDOOR | R34: Diving | S34: 95123
A35: 34 | B35: =UPPER(C35&" "&D35&" "&E35&" "&F35) -> M. VICTOR LENOIR | C35: M. | D35: Victor | F35: Lenoir | G35: 29875 | H35: Libra | I35: Male | J35: FR | K35: =HLOOKUP(J35,LOCATION!$B$2:$M$3,2,FALSE) -> FRANCE | L35: =INDEX(LOCATION!$B$1:$M$1, MATCH(J35, LOCATION!$B$2:$M$2, 0)) -> French | M35: =LOWER(TRIM(F35)&"."&TRIM(D35)&IF(L35="English","@xyz.org","@xyz.com")) -> lenoir.victor@xyz.com | N35: 56 | O35: Blue | P35: B+ | Q35: =INDEX(SPORT!$A$2:$A$33, MATCH(R35, SPORT!$B$2:$B$33, 0)) -> OUTDOOR | R35: Triathlon | S35: 62761
A36: 35 | B36: =UPPER(C36&" "&D36&" "&E36&" "&F36) -> M. ARTHUR LENOIR | C36: M. | D36: Arthur | F36: Lenoir | G36: 20300 | H36: Leo | I36: Male | J36: FR | K36: =HLOOKUP(J36,LOCATION!$B$2:$M$3,2,FALSE) -> FRANCE | L36: =INDEX(LOCATION!$B$1:$M$1, MATCH(J36, LOCATION!$B$2:$M$2, 0)) -> French | M36: =LOWER(TRIM(F36)&"."&TRIM(D36)&IF(L36="English","@xyz.org","@xyz.com")) -> lenoir.arthur@xyz.com | N36: 88.6 | O36: Amber | P36: O+ | Q36: =INDEX(SPORT!$A$2:$A$33, MATCH(R36, SPORT!$B$2:$B$33, 0)) -> OUTDOOR | R36: Hockey | S36: 108431
A37: 36 | B37: =UPPER(C37&" "&D37&" "&E37&" "&F37) -> M. BENJAMIN LEBRUN-BRUN | C37: M. | D37: Benjamin | F37: Lebrun-Brun | G37: 27428 | H37: Aquarius | I37: Male | J37: FR | K37: =HLOOKUP(J37,LOCATION!$B$2:$M$3,2,FALSE) -> FRANCE | L37: =INDEX(LOCATION!$B$1:$M$1, MATCH(J37, LOCATION!$B$2:$M$2, 0)) -> French | M37: =LOWER(TRIM(F37)&"."&TRIM(D37)&IF(L37="English","@xyz.org","@xyz.com")) -> lebrun-brun.benjamin@xyz.com | N37: 78.2 | O37: Brown | P37: O− | Q37: =INDEX(SPORT!$A$2:$A$33, MATCH(R37, SPORT!$B$2:$B$33, 0)) -> OUTDOOR | R37: Triathlon | S37: 66268
A38: 37 | B38: =UPPER(C38&" "&D38&" "&E38&" "&F38) -> M. ANTOINE MAILLARD | C38: M. | D38: Antoine | F38: Maillard | G38: 31585 | H38: Cancer | I38: Male | J38: FR | K38: =HLOOKUP(J38,LOCATION!$B$2:$M$3,2,FALSE) -> FRANCE | L38: =INDEX(LOCATION!$B$1:$M$1, MATCH(J38, LOCATION!$B$2:$M$2, 0)) -> French | M38: =LOWER(TRIM(F38)&"."&TRIM(D38)&IF(L38="English","@xyz.org","@xyz.com")) -> maillard.antoine@xyz.com | N38: 95.8 | O38: Blue | P38: B− | Q38: =INDEX(SPORT!$A$2:$A$33, MATCH(R38, SPORT!$B$2:$B$33, 0)) -> OUTDOOR | R38: Sailing | S38: 33970
A39: 38 | B39: =UPPER(C39&" "&D39&" "&E39&" "&F39) -> M. BERNARD HOARAU-GUYON | C39: M. | D39: Bernard | F39: Hoarau-Guyon | G39: 30327 | H39: Capricorn | I39: Male | J39: FR | K39: =HLOOKUP(J39,LOCATION!$B$2:$M$3,2,FALSE) -> FRANCE | L39: =INDEX(LOCATION!$B$1:$M$1, MATCH(J39, LOCATION!$B$2:$M$2, 0)) -> French | M39: =LOWER(TRIM(F39)&"."&TRIM(D39)&IF(L39="English","@xyz.org","@xyz.com")) -> hoarau-guyon.bernard@xyz.com | N39: 59.7 | O39: Gray | P39: O− | Q39: =INDEX(SPORT!$A$2:$A$33, MATCH(R39, SPORT!$B$2:$B$33, 0)) -> INDOOR | R39: Cycling Track | S39: 71352
A40: 39 | B40: =UPPER(C40&" "&D40&" "&E40&" "&F40) -> SR. HIDALGO CANTU TERCERO | C40: Sr. | D40: Hidalgo | E40: Cantu | F40: Tercero | G40: 31016 | H40: Sagittarius | I40: Male | J40: AG | K40: =HLOOKUP(J40,LOCATION!$B$2:$M$3,2,FALSE) -> ARGENTINA | L40: =INDEX(LOCATION!$B$1:$M$1, MATCH(J40, LOCATION!$B$2:$M$2, 0)) -> Spanish | M40: =LOWER(TRIM(F40)&"."&TRIM(D40)&IF(L40="English","@xyz.org","@xyz.com")) -> tercero.hidalgo@xyz.com | N40: 77.7 | O40: Gray | P40: B− | Q40: =INDEX(SPORT!$A$2:$A$33, MATCH(R40, SPORT!$B$2:$B$33, 0)) -> OUTDOOR | R40: Canoe Slalom | S40: 116376
A41: 40 | B41: =UPPER(C41&" "&D41&" "&E41&" "&F41) -> SR. HADALGO POLANCO | C41: Sr. | D41: Hadalgo | F41: Polanco | G41: 32314 | H41: Gemini | I41: Male | J41: AG | K41: =HLOOKUP(J41,LOCATION!$B$2:$M$3,2,FALSE) -> ARGENTINA | L41: =INDEX(LOCATION!$B$1:$M$1, MATCH(J41, LOCATION!$B$2:$M$2, 0)) -> Spanish | M41: =LOWER(TRIM(F41)&"."&TRIM(D41)&IF(L41="English","@xyz.org","@xyz.com")) -> polanco.hadalgo@xyz.com | N41: 98 | O41: Blue | P41: A− | Q41: =INDEX(SPORT!$A$2:$A$33, MATCH(R41, SPORT!$B$2:$B$33, 0)) -> OUTDOOR | R41: Beach Volleyball | S41: 114144
A42: 41 | B42: =UPPER(C42&" "&D42&" "&E42&" "&F42) -> SRA. LAURA OLIVIERA | C42: Sra. | D42: Laura | F42: Oliviera | G42: 27076 | H42: Aquarius | I42: Female | J42: AG | K42: =HLOOKUP(J42,LOCATION!$B$2:$M$3,2,FALSE) -> ARGENTINA | L42: =INDEX(LOCATION!$B$1:$M$1, MATCH(J42, LOCATION!$B$2:$M$2, 0)) -> Spanish | M42: =LOWER(TRIM(F42)&"."&TRIM(D42)&IF(L42="English","@xyz.org","@xyz.com")) -> oliviera.laura@xyz.com | N42: 51.9 | O42: Amber | P42: O− | Q42: =INDEX(SPORT!$A$2:$A$33, MATCH(R42, SPORT!$B$2:$B$33, 0)) -> OUTDOOR | R42: Athletics | S42: 79872
A43: 42 | B43: =UPPER(C43&" "&D43&" "&E43&" "&F43) -> SRA. AINHOA GARZA | C43: Sra. | D43: Ainhoa | F43: Garza | G43: 32941 | H43: Pisces | I43: Female | J43: ES | K43: =HLOOKUP(J43,LOCATION!$B$2:$M$3,2,FALSE) -> SPAIN | L43: =INDEX(LOCATION!$B$1:$M$1, MATCH(J43, LOCATION!$B$2:$M$2, 0)) -> Spanish | M43: =LOWER(TRIM(F43)&"."&TRIM(D43)&IF(L43="English","@xyz.org","@xyz.com")) -> garza.ainhoa@xyz.com | N43: 55.6 | O43: Brown | P43: O+ | Q43: =INDEX(SPORT!$A$2:$A$33, MATCH(R43, SPORT!$B$2:$B$33, 0)) -> INDOOR | R43: Gymnastics Artistic | S43: 101969
A44: 43 | B44: =UPPER(C44&" "&D44&" "&E44&" "&F44) -> SRA. ISABEL BANDA | C44: Sra. | D44: Isabel | F44: Banda | G44: 21927 | H44: Capricorn | I44: Female | J44: ES | K44: =HLOOKUP(J44,LOCATION!$B$2:$M$3,2,FALSE) -> SPAIN | L44: =INDEX(LOCATION!$B$1:$M$1, MATCH(J44, LOCATION!$B$2:$M$2, 0)) -> Spanish | M44: =LOWER(TRIM(F44)&"."&TRIM(D44)&IF(L44="English","@xyz.org","@xyz.com")) -> banda.isabel@xyz.com | N44: 102.3 | O44: Amber | P44: O+ | Q44: =INDEX(SPORT!$A$2:$A$33, MATCH(R44, SPORT!$B$2:$B$33, 0)) -> OUTDOOR | R44: Canoe Slalom | S44: 50659
A45: 44 | B45: =UPPER(C45&" "&D45&" "&E45&" "&F45) -> SRA. CAROLOTA MATEOS | C45: Sra. | D45: Carolota | F45: Mateos | G45: 23952 | H45: Leo | I45: Female | J45: ES | K45: =HLOOKUP(J45,LOCATION!$B$2:$M$3,2,FALSE) -> SPAIN | L45: =INDEX(LOCATION!$B$1:$M$1, MATCH(J45, LOCATION!$B$2:$M$2, 0)) -> Spanish | M45: =LOWER(TRIM(F45)&"."&TRIM(D45)&IF(L45="English","@xyz.org","@xyz.com")) -> mateos.carolota@xyz.com | N45: 58.8 | O45: Gray | P45: O− | Q45: =INDEX(SPORT!$A$2:$A$33, MATCH(R45, SPORT!$B$2:$B$33, 0)) -> OUTDOOR | R45: Athletics | S45: 58215
A46: 45 | B46: =UPPER(C46&" "&D46&" "&E46&" "&F46) -> MW. ELIZE PRINS | C46: Mw. | D46: Elize | F46: Prins | G46: 22044 | H46: Taurus | I46: Female | J46: DU | K46: =HLOOKUP(J46,LOCATION!$B$2:$M$3,2,FALSE) -> NETHERLANDS | L46: =INDEX(LOCATION!$B$1:$M$1, MATCH(J46, LOCATION!$B$2:$M$2, 0)) -> Dutch | M46: =LOWER(TRIM(F46)&"."&TRIM(D46)&IF(L46="English","@xyz.org","@xyz.com")) -> prins.elize@xyz.com | N46: 63.8 | O46: Blue | P46: O+ | Q46: =INDEX(SPORT!$A$2:$A$33, MATCH(R46, SPORT!$B$2:$B$33, 0)) -> INDOOR | R46: Judo | S46: 39935
A47: 46 | B47: =UPPER(C47&" "&D47&" "&E47&" "&F47) -> DHR. RYAN PHAM | C47: dhr. | D47: Ryan | F47: Pham | G47: 26940 | H47: Libra | I47: Male | J47: DU | K47: =HLOOKUP(J47,LOCATION!$B$2:$M$3,2,FALSE) -> NETHERLANDS | L47: =INDEX(LOCATION!$B$1:$M$1, MATCH(J47, LOCATION!$B$2:$M$2, 0)) -> Dutch | M47: =LOWER(TRIM(F47)&"."&TRIM(D47)&IF(L47="English","@xyz.org","@xyz.com")) -> pham.ryan@xyz.com | N47: 98.6 | O47: Amber | P47: B+ | Q47: =INDEX(SPORT!$A$2:$A$33, MATCH(R47, SPORT!$B$2:$B$33, 0)) -> OUTDOOR | R47: Beach Volleyball | S47: 44865
A48: 47 | B48: =UPPER(C48&" "&D48&" "&E48&" "&F48) -> MW ELISE ROTTEVEEL | C48: Mw | D48: Elise | F48: Rotteveel | G48: 24936 | H48: Aries | I48: Female | J48: DU | K48: =HLOOKUP(J48,LOCATION!$B$2:$M$3,2,FALSE) -> NETHERLANDS | L48: =INDEX(LOCATION!$B$1:$M$1, MATCH(J48, LOCATION!$B$2:$M$2, 0)) -> Dutch | M48: =LOWER(TRIM(F48)&"."&TRIM(D48)&IF(L48="English","@xyz.org","@xyz.com")) -> rotteveel.elise@xyz.com | N48: 61.8 | O48: Gray | P48: O− | Q48: =INDEX(SPORT!$A$2:$A$33, MATCH(R48, SPORT!$B$2:$B$33, 0)) -> OUTDOOR | R48: Beach Volleyball | S48: 90478
A49: 48 | B49: =UPPER(C49&" "&D49&" "&E49&" "&F49) -> FRU. MIRJAM SODERBERG | C49: Fru. | D49: Mirjam | F49: Soderberg | G49: 35567 | H49: Taurus | I49: Female | J49: SV | K49: =HLOOKUP(J49,LOCATION!$B$2:$M$3,2,FALSE) -> SWEDEN | L49: =INDEX(LOCATION!$B$1:$M$1, MATCH(J49, LOCATION!$B$2:$M$2, 0)) -> Swedish | M49: =LOWER(TRIM(F49)&"."&TRIM(D49)&IF(L49="English","@xyz.org","@xyz.com")) -> soderberg.mirjam@xyz.com | N49: 50 | O49: Amber | P49: O+ | Q49: =INDEX(SPORT!$A$2:$A$33, MATCH(R49, SPORT!$B$2:$B$33, 0)) -> OUTDOOR | R49: Football | S49: 38965
A50: 49 | B50: =UPPER(C50&" "&D50&" "&E50&" "&F50) -> H. BERNDT PALSSON | C50: H. | D50: Berndt | F50: Palsson | G50: 31832 | H50: Pisces | I50: Male | J50: SV | K50: =HLOOKUP(J50,LOCATION!$B$2:$M$3,2,FALSE) -> SWEDEN | L50: =INDEX(LOCATION!$B$1:$M$1, MATCH(J50, LOCATION!$B$2:$M$2, 0)) -> Swedish | M50: =LOWER(TRIM(F50)&"."&TRIM(D50)&IF(L50="English","@xyz.org","@xyz.com")) -> palsson.berndt@xyz.com | N50: 45.9 | O50: Blue | P50: A− | Q50: =INDEX(SPORT!$A$2:$A$33, MATCH(R50, SPORT!$B$2:$B$33, 0)) -> OUTDOOR | R50: Biathlon | S50: 35387
A51: 50 | B51: =UPPER(C51&" "&D51&" "&E51&" "&F51) -> SR. ADRIANO PONTES SOBRINHO | C51: Sr. | D51: Adriano | E51: Pontes | F51: Sobrinho | G51: 34178 | H51: Leo | I51: Male | J51: PR | K51: =HLOOKUP(J51,LOCATION!$B$2:$M$3,2,FALSE) -> BRAZIL | L51: =INDEX(LOCATION!$B$1:$M$1, MATCH(J51, LOCATION!$B$2:$M$2, 0)) -> Portuguese | M51: =LOWER(TRIM(F51)&"."&TRIM(D51)&IF(L51="English","@xyz.org","@xyz.com")) -> sobrinho.adriano@xyz.com | N51: 92.5 | O51: Green | P51: A+ | Q51: =INDEX(SPORT!$A$2:$A$33, MATCH(R51, SPORT!$B$2:$B$33, 0)) -> INDOOR | R51: Swimming | S51: 20532

Sheet SPORT
A1: SPORTS LOCATION | B1: SPORTS
A2: INDOOR | B2: Cycling Track
A3: INDOOR | B3: Boxing
A4: OUTDOOR | B4: Football
A5: OUTDOOR | B5: Alpine Skiing
A6: INDOOR | B6: Water Polo
A7: INDOOR | B7: Fencing
A8: OUTDOOR | B8: Cycling Road
A9: INDOOR | B9: Curling
A10: INDOOR | B10: Shooting
A11: OUTDOOR | B11: Freestyle Skiing
A12: OUTDOOR | B12: Archery
... A33: INDOOR | B33: Swimming

Sheet LOCATION
A1: LANGUAGE | B1: English | C1: Portuguese | D1: English | E1: German | F1: English | G1: German | H1: French | I1: Spanish | J1: Spanish | K1: Dutch | L1: Swedish | M1: Portuguese
A2: COUNTRYCODE | B2: US | C2: BR | D2: GB | E2: DE | F2: OZ | G2: AU | H2: FR | I2: AG | J2: ES | K2: DU | L2: SV | M2: PR
A3: COUNTRY NAME | B3: USA | C3: BRAZIL | D3: UK | E3: GERMANY | F3: AUSTRALIA | G3: AUSTRIA | H3: FRANCE | I3: ARGENTINA | J3: SPAIN | K3: NETHERLANDS | L3: SWEDEN | M3: BRAZIL
